<?xml version="1.0" encoding="UTF-8"?>
<project-private xmlns="http://www.netbeans.org/ns/project-private/1">
    <editor-bookmarks xmlns="http://www.netbeans.org/ns/editor-bookmarks/2" lastBookmarkId="0"/>
    <open-files xmlns="http://www.netbeans.org/ns/projectui-open-files/2">
        <group>
            <file>file:/C:/Users/dinsan/Google%20Drive/EPITA/Teram_1/OOA%20&amp;%20UML%20&amp;%20Java/Projects/QuizManager/src/epita/quiz/QuizUI.java</file>
            <file>file:/C:/Users/dinsan/Google%20Drive/EPITA/Teram_1/OOA%20&amp;%20UML%20&amp;%20Java/Projects/QuizManager/src/epita/quiz/Answer.java</file>
            <file>file:/C:/Users/dinsan/Google%20Drive/EPITA/Teram_1/OOA%20&amp;%20UML%20&amp;%20Java/Projects/QuizManager/src/epita/quiz/MCQAnswer.java</file>
            <file>file:/C:/Users/dinsan/Google%20Drive/EPITA/Teram_1/OOA%20&amp;%20UML%20&amp;%20Java/Projects/QuizManager/src/epita/quiz/QuizManager.java</file>
        </group>
    </open-files>
</project-private>
